method,run_id,seed,epoch,train_loss,val_auc,test_auc,train_sampling_time,train_epoch_time,eval_time
sgcn,1,0,1,0.7215442731976509,,,0.8279275894165039,1.9586765766143799,
sgcn,1,0,2,0.645761601626873,,,0.810185432434082,1.7037718296051025,
sgcn,1,0,3,0.5760054290294647,,,0.845184326171875,1.7625980377197266,
sgcn,1,0,4,0.5098305866122246,,,0.8139984607696533,1.7367188930511475,
sgcn,1,0,5,0.4516119994223118,0.3972490950701541,0.44661152458570913,0.8118686676025391,1.717994213104248,2.47693133354187
sgcn,1,0,6,0.406557597219944,,,0.8623256683349609,2.001333713531494,
sgcn,1,0,7,0.3808460645377636,,,0.8274600505828857,1.7392146587371826,
sgcn,1,0,8,0.3674125596880913,,,0.8156743049621582,1.7197673320770264,
sgcn,1,0,9,0.3595525473356247,,,0.8238871097564697,1.73101806640625,
sgcn,1,0,10,0.35279905050992966,0.4591821252352523,0.4655411847602605,0.8184981346130371,1.7333908081054688,2.404254674911499
sgcn,1,0,11,0.34456292539834976,,,0.8353297710418701,1.8249986171722412,
sgcn,1,0,12,0.33605413138866425,,,0.8308024406433105,1.7510571479797363,
sgcn,1,0,13,0.34184057638049126,,,0.8226699829101562,1.733375072479248,
sgcn,1,0,14,0.34438543021678925,,,0.830390214920044,1.7536766529083252,
sgcn,1,0,15,0.3412749841809273,0.5413620858812072,0.503956470204215,0.8448572158813477,1.7937052249908447,2.316924571990967
sgcn,1,0,16,0.34284836053848267,,,0.8427798748016357,1.8378169536590576,
sgcn,1,0,17,0.335970014333725,,,0.8100185394287109,1.7087478637695312,
sgcn,1,0,18,0.33392712846398354,,,0.8075685501098633,1.7056145668029785,
sgcn,1,0,19,0.33584173023700714,,,0.7934935092926025,1.6898481845855713,
sgcn,1,0,20,0.3383063040673733,0.6114301168347682,0.5573895697271681,0.7950668334960938,1.6952927112579346,2.469581365585327
sgcn,1,0,21,0.3396689221262932,,,0.8156685829162598,1.7833983898162842,
sgcn,1,0,22,0.3342294916510582,,,0.8262467384338379,1.7374203205108643,
sgcn,1,0,23,0.33727486059069633,,,0.8294787406921387,1.7613914012908936,
sgcn,1,0,24,0.3431970477104187,,,0.8349781036376953,1.7564644813537598,
sgcn,1,0,25,0.3294675312936306,0.6281776529303821,0.5709779517962665,0.8277983665466309,1.7463328838348389,2.355760097503662
sgcn,1,0,26,0.3333582170307636,,,0.8356873989105225,1.818413496017456,
sgcn,1,0,27,0.3322705999016762,,,0.8253753185272217,1.749314785003662,
sgcn,1,0,28,0.32784267514944077,,,0.8237495422363281,1.762467384338379,
sgcn,1,0,29,0.3287368491292,,,0.8198506832122803,1.7516038417816162,
sgcn,1,0,30,0.33436426147818565,0.6301354254187276,0.5534852797430155,0.8055925369262695,1.7182285785675049,2.3742835521698
sgcn,1,0,31,0.3389520235359669,,,0.8395445346832275,1.8278231620788574,
sgcn,1,0,32,0.31763554736971855,,,0.8120517730712891,1.7139720916748047,
sgcn,1,0,33,0.3256429582834244,,,0.8441755771636963,1.7688806056976318,
sgcn,1,0,34,0.3199184127151966,,,0.8371143341064453,1.7672863006591797,
sgcn,1,0,35,0.3288991190493107,0.6605497186677995,0.5814475162151792,0.8329935073852539,1.7563352584838867,2.352522373199463
sgcn,1,0,36,0.32077695056796074,,,0.8329544067382812,1.8120667934417725,
sgcn,1,0,37,0.32942646369338036,,,0.8215043544769287,1.7273051738739014,
sgcn,1,0,38,0.3334517143666744,,,0.8005020618438721,1.6921157836914062,
sgcn,1,0,39,0.32832203432917595,,,0.8133339881896973,1.7183191776275635,
sgcn,1,0,40,0.32103975489735603,0.6739048690145968,0.585502104874527,0.8151946067810059,1.7146484851837158,2.359546661376953
sgcn,1,0,41,0.3263477422297001,,,0.8283021450042725,1.8172075748443604,
sgcn,1,0,42,0.32676396518945694,,,0.8121111392974854,1.7188007831573486,
sgcn,1,0,43,0.33111170679330826,,,0.8251440525054932,1.7540297508239746,
sgcn,1,0,44,0.3236365094780922,,,0.8140146732330322,1.7416999340057373,
sgcn,1,0,45,0.32627084106206894,0.6621209139888561,0.5837769035432218,0.8287959098815918,1.767460823059082,2.3438639640808105
sgcn,1,0,46,0.3302895724773407,,,0.843817949295044,1.8431360721588135,
sgcn,1,0,47,0.32085811346769333,,,0.8270871639251709,1.7638170719146729,
sgcn,1,0,48,0.33409149944782257,,,0.8140749931335449,1.7340219020843506,
sgcn,1,0,49,0.3177877403795719,,,0.831301212310791,1.765648603439331,
sgcn,1,0,50,0.32825781777501106,0.6967410707180751,0.5965345257266463,0.8269035816192627,1.7620043754577637,2.380894184112549
sgcn,1,0,51,0.32297879084944725,,,0.8410584926605225,1.839571237564087,
sgcn,1,0,52,0.3185836337506771,,,0.8361258506774902,1.7725026607513428,
sgcn,1,0,53,0.3160874657332897,,,0.8690965175628662,1.779717206954956,
sgcn,1,0,54,0.32865142077207565,,,0.8265140056610107,1.7489535808563232,
sgcn,1,0,55,0.3233085349202156,0.7008053288087305,0.61934682146567,0.8194355964660645,1.729987382888794,2.3373043537139893
sgcn,1,0,56,0.32234907895326614,,,0.8223364353179932,1.7948846817016602,
sgcn,1,0,57,0.31963012740015984,,,0.8129034042358398,1.7102131843566895,
sgcn,1,0,58,0.3236986845731735,,,0.8249800205230713,1.727919340133667,
sgcn,1,0,59,0.32438836246728897,,,0.8064088821411133,1.7152206897735596,
sgcn,1,0,60,0.3174239210784435,0.6911859689859133,0.6057825705349159,0.8100695610046387,1.7249221801757812,2.3790385723114014
sgcn,1,0,61,0.31426914781332016,,,0.8262274265289307,1.8000946044921875,
sgcn,1,0,62,0.3252529837191105,,,0.8172316551208496,1.7171516418457031,
sgcn,1,0,63,0.3181637041270733,,,0.8372936248779297,1.7714793682098389,
sgcn,1,0,64,0.32570938020944595,,,0.8281347751617432,1.7521603107452393,
sgcn,1,0,65,0.31538739427924156,0.7040845906424529,0.6158180714627047,0.8320808410644531,1.7539408206939697,2.368170738220215
sgcn,1,0,66,0.32420187816023827,,,0.8275103569030762,1.8025610446929932,
sgcn,1,0,67,0.32644590735435486,,,0.8164138793945312,1.7222073078155518,
sgcn,1,0,68,0.3193037323653698,,,0.8121786117553711,1.7156133651733398,
sgcn,1,0,69,0.3157956786453724,,,0.8135330677032471,1.7169137001037598,
sgcn,1,0,70,0.32234738394618034,0.6911308280817599,0.6063723579955071,0.8115460872650146,1.7251229286193848,2.3539257049560547
sgcn,1,0,71,0.3184206746518612,,,0.8484320640563965,1.8419685363769531,
sgcn,1,0,72,0.32614345103502274,,,0.8240535259246826,1.7262473106384277,
sgcn,1,0,73,0.30829592421650887,,,0.8185334205627441,1.721226453781128,
sgcn,1,0,74,0.32557908818125725,,,0.8173863887786865,1.7258293628692627,
sgcn,1,0,75,0.31544508412480354,0.7091519068304458,0.6261355513197897,0.8150358200073242,1.7233524322509766,2.3183095455169678
sgcn,1,0,76,0.3249526359140873,,,0.8332977294921875,1.8186206817626953,
sgcn,1,0,77,0.3131430335342884,,,0.8262887001037598,1.7347385883331299,
sgcn,1,0,78,0.3101060763001442,,,0.8078353404998779,1.7212073802947998,
sgcn,1,0,79,0.31223151460289955,,,0.8177669048309326,1.7453076839447021,
sgcn,1,0,80,0.3212403915822506,0.7141898687071933,0.6304535390936612,0.8317012786865234,1.75929594039917,2.4219918251037598
sgcn,1,0,81,0.31296274438500404,,,0.8369400501251221,1.8261423110961914,
sgcn,1,0,82,0.30962200462818146,,,0.819007158279419,1.745157241821289,
sgcn,1,0,83,0.319473322480917,,,0.8337533473968506,1.7790663242340088,
sgcn,1,0,84,0.3126247227191925,,,0.837425708770752,1.7793772220611572,
sgcn,1,0,85,0.3092919811606407,0.7184698936556385,0.6365799036893133,0.8250727653503418,1.7556345462799072,2.3404123783111572
sgcn,1,0,86,0.3084491565823555,,,0.8336763381958008,1.8117823600769043,
sgcn,1,0,87,0.31578927114605904,,,0.8175399303436279,1.7256152629852295,
sgcn,1,0,88,0.31984031572937965,,,0.8631761074066162,1.7781503200531006,
sgcn,1,0,89,0.31116344407200813,,,0.8321812152862549,1.7562158107757568,
sgcn,1,0,90,0.31840477138757706,0.7082278722588787,0.6145279292961969,0.8336012363433838,1.7580409049987793,2.3874268531799316
sgcn,1,0,91,0.31727270409464836,,,0.8410806655883789,1.832942247390747,
sgcn,1,0,92,0.3161405138671398,,,0.8305478096008301,1.759063959121704,
sgcn,1,0,93,0.3122405707836151,,,0.8199450969696045,1.7438125610351562,
sgcn,1,0,94,0.31014885753393173,,,0.829653263092041,1.7653636932373047,
sgcn,1,0,95,0.31481216847896576,0.7135895878825396,0.6293918230932597,0.8306984901428223,1.7631216049194336,2.3631746768951416
sgcn,1,0,96,0.32410892471671104,,,0.8370907306671143,1.8313219547271729,
sgcn,1,0,97,0.3231021352112293,,,0.8280103206634521,1.7428474426269531,
sgcn,1,0,98,0.3184603340923786,,,0.8307788372039795,1.7507598400115967,
sgcn,1,0,99,0.3220135197043419,,,0.825505256652832,1.7524785995483398,
sgcn,1,0,100,0.32077857479453087,0.716130320771783,0.6312574006472975,0.8329071998596191,1.7774717807769775,2.330612897872925
sgcn,1,0,101,0.31368735805153847,,,0.8383066654205322,1.8325042724609375,
sgcn,1,0,102,0.3247370570898056,,,0.8091256618499756,1.6970577239990234,
sgcn,1,0,103,0.31885867193341255,,,0.8043384552001953,1.7007367610931396,
sgcn,1,0,104,0.3159508742392063,,,0.8160738945007324,1.7188177108764648,
sgcn,1,0,105,0.3122480623424053,0.7225141042507509,0.6384348685811723,0.8161823749542236,1.7228431701660156,2.3817451000213623
sgcn,1,0,106,0.31862492859363556,,,0.842156171798706,1.8304836750030518,
sgcn,1,0,107,0.31904783472418785,,,0.8298685550689697,1.746062994003296,
sgcn,1,0,108,0.32676972821354866,,,0.8722240924835205,1.8786258697509766,
sgcn,1,0,109,0.3146243058145046,,,0.8291542530059814,1.7560670375823975,
sgcn,1,0,110,0.3196294717490673,0.7179633051500331,0.6301836743284001,0.8369190692901611,1.7620360851287842,2.4281303882598877
sgcn,1,0,111,0.3093811050057411,,,0.8282856941223145,1.7968177795410156,
sgcn,1,0,112,0.3137497045099735,,,0.81575608253479,1.7166829109191895,
sgcn,1,0,113,0.31803877279162407,,,0.8034641742706299,1.7013545036315918,
sgcn,1,0,114,0.3147275187075138,,,0.8172461986541748,1.7174606323242188,
sgcn,1,0,115,0.31345219910144806,0.7373033793418349,0.6562437482893204,0.7994000911712646,1.701941728591919,2.332472801208496
sgcn,1,0,116,0.32627392187714577,,,0.8459055423736572,1.841184377670288,
sgcn,1,0,117,0.3156406357884407,,,0.8259701728820801,1.7385163307189941,
sgcn,1,0,118,0.3129976876080036,,,0.8208599090576172,1.7342345714569092,
sgcn,1,0,119,0.3188282512128353,,,0.8115615844726562,1.7186431884765625,
sgcn,1,0,120,0.3153306767344475,0.7257909575054888,0.6531538783236469,0.8135247230529785,1.7210612297058105,2.332465887069702
sgcn,1,0,121,0.3158976100385189,,,0.8258979320526123,1.793327808380127,
sgcn,1,0,122,0.32055867090821266,,,0.8281500339508057,1.739755392074585,
sgcn,1,0,123,0.32176174595952034,,,0.8124938011169434,1.7157962322235107,
sgcn,1,0,124,0.31222332268953323,,,0.8134262561798096,1.7122411727905273,
sgcn,1,0,125,0.31570328027009964,0.7250223854399499,0.6514897700541933,0.8049232959747314,1.6976888179779053,2.3422980308532715
sgcn,1,0,126,0.3178793899714947,,,0.8385698795318604,1.8361666202545166,
sgcn,1,0,127,0.31665440276265144,,,0.8324832916259766,1.775942325592041,
sgcn,1,0,128,0.31244341656565666,,,0.8178789615631104,1.7380101680755615,
sgcn,1,0,129,0.317331463098526,,,0.8137750625610352,1.732546329498291,
sgcn,1,0,130,0.30691666156053543,0.7189503531136431,0.6357822864260655,0.8241479396820068,1.7540092468261719,2.3456387519836426
sgcn,1,0,131,0.3133636601269245,,,0.8494670391082764,1.8480782508850098,
sgcn,1,0,132,0.314911101013422,,,0.8177082538604736,1.717790126800537,
sgcn,1,0,133,0.3169076703488827,,,0.8187665939331055,1.7206039428710938,
sgcn,1,0,134,0.3082882687449455,,,0.8222992420196533,1.7170701026916504,
sgcn,1,0,135,0.3222385123372078,0.7214567883808669,0.6406192376442533,0.8278863430023193,1.741516351699829,2.3597257137298584
sgcn,1,0,136,0.3063550367951393,,,0.8358376026153564,1.8251917362213135,
sgcn,1,0,137,0.31467825919389725,,,0.8128352165222168,1.7111701965332031,
sgcn,1,0,138,0.31684208288788795,,,0.8294367790222168,1.7476491928100586,
sgcn,1,0,139,0.3133627735078335,,,0.8277509212493896,1.7661831378936768,
sgcn,1,0,140,0.317594975233078,0.7191435993911616,0.642438077962154,0.8263912200927734,1.739448070526123,2.2763466835021973
sgcn,1,0,141,0.31368689984083176,,,0.8354887962341309,1.8081269264221191,
sgcn,1,0,142,0.31577761471271515,,,0.8266956806182861,1.740654468536377,
sgcn,1,0,143,0.32256797328591347,,,0.8175232410430908,1.7273235321044922,
sgcn,1,0,144,0.3112601190805435,,,0.8348076343536377,1.7571768760681152,
sgcn,1,0,145,0.321950513869524,0.7088543597701716,0.6318753017426789,0.8313279151916504,1.7528562545776367,2.387017011642456
sgcn,1,0,146,0.3121304549276829,,,0.8279657363891602,1.8123183250427246,
sgcn,1,0,147,0.30125630646944046,,,0.8105795383453369,1.7148075103759766,
sgcn,1,0,148,0.3169669099152088,,,0.8149640560150146,1.721346139907837,
sgcn,1,0,149,0.3145225718617439,,,0.8227863311767578,1.729386329650879,
sgcn,1,0,150,0.3148987628519535,0.7206301463765902,0.6474088476344432,0.8159306049346924,1.7394115924835205,2.342879056930542
sgcn,1,0,151,0.3185635097324848,,,0.8390159606933594,1.8196074962615967,
sgcn,1,0,152,0.31756408512592316,,,0.8079085350036621,1.701225996017456,
sgcn,1,0,153,0.31787755340337753,,,0.806891918182373,1.7072036266326904,
sgcn,1,0,154,0.3116338439285755,,,0.8033351898193359,1.6961002349853516,
sgcn,1,0,155,0.3160441182553768,0.7222392973051102,0.6343736147420955,0.8264918327331543,1.7439708709716797,2.3609418869018555
sgcn,1,0,156,0.3064844235777855,,,0.8282530307769775,1.8025031089782715,
sgcn,1,0,157,0.3097769096493721,,,0.8165936470031738,1.7196013927459717,
sgcn,1,0,158,0.3132363557815552,,,0.8414914608001709,1.7707605361938477,
sgcn,1,0,159,0.3071375973522663,,,0.8291912078857422,1.7502188682556152,
sgcn,1,0,160,0.3138008080422878,0.736270581631082,0.6605057091466888,0.8158514499664307,1.719555377960205,2.3367581367492676
sgcn,1,0,161,0.3124886117875576,,,0.8420541286468506,1.8416810035705566,
sgcn,1,0,162,0.31914275139570236,,,0.8335762023925781,1.7522518634796143,
sgcn,1,0,163,0.31739311665296555,,,0.8387453556060791,1.7677721977233887,
sgcn,1,0,164,0.318778570741415,,,0.8658316135406494,1.8785350322723389,
sgcn,1,0,165,0.31833554059267044,0.707068445965769,0.6197451085245088,0.8125574588775635,1.707876443862915,2.4131336212158203
sgcn,1,0,166,0.3106324262917042,,,0.8414509296417236,1.8527798652648926,
sgcn,1,0,167,0.31240713968873024,,,0.8212299346923828,1.7392020225524902,
sgcn,1,0,168,0.3085446357727051,,,0.8158237934112549,1.7420780658721924,
sgcn,1,0,169,0.3098977953195572,,,0.814014196395874,1.7346012592315674,
sgcn,1,0,170,0.3187308609485626,0.7334480926487036,0.6536082902542467,0.8377485275268555,1.7800285816192627,2.3522982597351074
sgcn,1,0,171,0.3051177188754082,,,0.8261044025421143,1.8002963066101074,
sgcn,1,0,172,0.31501899659633636,,,0.7973182201385498,1.6888651847839355,
sgcn,1,0,173,0.3106018975377083,,,0.8079001903533936,1.708686351776123,
sgcn,1,0,174,0.317485049366951,,,0.813133716583252,1.7214593887329102,
sgcn,1,0,175,0.31704360246658325,0.7301556484917621,0.643720657326661,0.8203985691070557,1.7215604782104492,2.412968397140503
sgcn,1,0,176,0.30690518021583557,,,0.8336241245269775,1.8395605087280273,
sgcn,1,0,177,0.31081007421016693,,,0.829350471496582,1.7677860260009766,
sgcn,1,0,178,0.30297737941145897,,,0.8271241188049316,1.7568588256835938,
sgcn,1,0,179,0.31374476850032806,,,0.8222529888153076,1.7469682693481445,
sgcn,1,0,180,0.31379619613289833,0.7306836893674389,0.6419419643092309,0.8183095455169678,1.7416446208953857,2.331343650817871
sgcn,1,0,181,0.32388563826680183,,,0.8886518478393555,1.9147007465362549,
sgcn,1,0,182,0.3160479851067066,,,0.8286399841308594,1.776712417602539,
sgcn,1,0,183,0.32178007811307907,,,0.8377377986907959,1.7631022930145264,
sgcn,1,0,184,0.31426147371530533,,,0.8325722217559814,1.7548363208770752,
sgcn,1,0,185,0.31310127675533295,0.7211355010565496,0.6512492217313345,0.8223991394042969,1.7319393157958984,2.319150686264038
sgcn,1,0,186,0.3052075617015362,,,0.8447573184967041,1.8261008262634277,
sgcn,1,0,187,0.3062504194676876,,,0.8336179256439209,1.777259349822998,
sgcn,1,0,188,0.3193017914891243,,,0.8324205875396729,1.765181541442871,
sgcn,1,0,189,0.31731753051280975,,,0.815047025680542,1.7401022911071777,
sgcn,1,0,190,0.3147351145744324,0.7244911950342547,0.6381187273712998,0.8162736892700195,1.731412649154663,2.418827772140503
sgcn,1,0,191,0.3206981085240841,,,0.8324615955352783,1.8231866359710693,
sgcn,1,0,192,0.31748443841934204,,,0.8271687030792236,1.743049144744873,
sgcn,1,0,193,0.3204973340034485,,,0.814887523651123,1.722884178161621,
sgcn,1,0,194,0.31319785863161087,,,0.8165786266326904,1.7204644680023193,
sgcn,1,0,195,0.31096118316054344,0.733323552485802,0.6527875030734089,0.8280551433563232,1.743926763534546,2.349032163619995
sgcn,1,0,196,0.30510467290878296,,,0.8364202976226807,1.8245890140533447,
sgcn,1,0,197,0.3147350288927555,,,0.8267543315887451,1.7384037971496582,
sgcn,1,0,198,0.3060442730784416,,,0.8269050121307373,1.749535083770752,
sgcn,1,0,199,0.3104059584438801,,,0.8120334148406982,1.7128183841705322,
sgcn,1,0,200,0.3179079741239548,0.7272409400476801,0.6416756705752642,0.8200418949127197,1.7294623851776123,2.4664463996887207
sgcn,2,1,1,0.7131005227565765,,,0.8289449214935303,1.8092143535614014,
sgcn,2,1,2,0.6331838294863701,,,0.8040273189544678,1.7061197757720947,
sgcn,2,1,3,0.5585683211684227,,,0.8313746452331543,1.748382806777954,
sgcn,2,1,4,0.4936235621571541,,,0.8222048282623291,1.7314934730529785,
sgcn,2,1,5,0.43547359853982925,0.38972862315055956,0.41599432509638945,0.8204407691955566,1.7294871807098389,2.4553346633911133
sgcn,2,1,6,0.3928114250302315,,,0.8417575359344482,1.8255641460418701,
sgcn,2,1,7,0.3773323930799961,,,0.8084814548492432,1.7083203792572021,
sgcn,2,1,8,0.3574078790843487,,,0.8185536861419678,1.7344703674316406,
sgcn,2,1,9,0.35324200615286827,,,0.8689022064208984,1.7708780765533447,
sgcn,2,1,10,0.35469620302319527,0.5121488526581096,0.4984849471398281,0.8169472217559814,1.7225980758666992,2.3913958072662354
sgcn,2,1,11,0.355187002569437,,,0.8411314487457275,1.81978178024292,
sgcn,2,1,12,0.34949230030179024,,,0.8087739944458008,1.715472936630249,
sgcn,2,1,13,0.341984536498785,,,0.8026072978973389,1.6969568729400635,
sgcn,2,1,14,0.34198472276329994,,,0.8086934089660645,1.710179328918457,
sgcn,2,1,15,0.34559180587530136,0.5364957792285902,0.5084614985290465,0.8217675685882568,1.739978551864624,2.412886381149292
sgcn,2,1,16,0.3358827121555805,,,0.830829381942749,1.8029968738555908,
sgcn,2,1,17,0.3472445271909237,,,0.8164646625518799,1.7169432640075684,
sgcn,2,1,18,0.3265254646539688,,,0.848595380783081,1.8565659523010254,
sgcn,2,1,19,0.34135981276631355,,,0.8290562629699707,1.7403593063354492,
sgcn,2,1,20,0.3370894342660904,0.6012204995191978,0.5582584183981661,0.8241100311279297,1.7335987091064453,2.3874428272247314
sgcn,2,1,21,0.343523733317852,,,0.8299944400787354,1.8241345882415771,
sgcn,2,1,22,0.33925197646021843,,,0.8431308269500732,1.780918836593628,
sgcn,2,1,23,0.3295994810760021,,,0.8287224769592285,1.758380651473999,
sgcn,2,1,24,0.3410322889685631,,,0.8437206745147705,1.777881383895874,
sgcn,2,1,25,0.3379690498113632,0.609953317504228,0.5650430243379149,0.809730052947998,1.7361013889312744,2.3651585578918457
sgcn,2,1,26,0.3277772516012192,,,0.8424904346466064,1.834028959274292,
sgcn,2,1,27,0.3375338278710842,,,0.834181547164917,1.7588207721710205,
sgcn,2,1,28,0.33324184268713,,,0.8317008018493652,1.7513697147369385,
sgcn,2,1,29,0.34355128929018974,,,0.8118212223052979,1.7170393466949463,
sgcn,2,1,30,0.33450351282954216,0.6343496974102362,0.57718271337449,0.8268077373504639,1.7424402236938477,2.3184924125671387
sgcn,2,1,31,0.3379877135157585,,,0.8415195941925049,1.824540138244629,
sgcn,2,1,32,0.3226400576531887,,,0.8327748775482178,1.7566497325897217,
sgcn,2,1,33,0.32902342453598976,,,0.8295013904571533,1.7569775581359863,
sgcn,2,1,34,0.32471083104610443,,,0.8272106647491455,1.756443738937378,
sgcn,2,1,35,0.32542066648602486,0.6350147951321699,0.5801386952206044,0.8217158317565918,1.7517962455749512,2.394030809402466
sgcn,2,1,36,0.329807810485363,,,0.8280127048492432,1.809258222579956,
sgcn,2,1,37,0.32629966735839844,,,0.8118195533752441,1.7319514751434326,
sgcn,2,1,38,0.33159704878926277,,,0.826298713684082,1.7550201416015625,
sgcn,2,1,39,0.3283845745027065,,,0.8199455738067627,1.7477712631225586,
sgcn,2,1,40,0.32344719022512436,0.6540198780678456,0.5804110889715354,0.8259365558624268,1.759835958480835,2.40136981010437
sgcn,2,1,41,0.32708198949694633,,,0.8364715576171875,1.8209400177001953,
sgcn,2,1,42,0.3190139941871166,,,0.8353967666625977,1.7607018947601318,
sgcn,2,1,43,0.32259776815772057,,,0.8322658538818359,1.751997709274292,
sgcn,2,1,44,0.32540198042988777,,,0.8359286785125732,1.7622981071472168,
sgcn,2,1,45,0.3298827335238457,0.6692237888414355,0.5989550339267776,0.8179624080657959,1.7307398319244385,2.331967353820801
sgcn,2,1,46,0.32219281047582626,,,0.8493897914886475,1.8537263870239258,
sgcn,2,1,47,0.326355155557394,,,0.8139276504516602,1.7390193939208984,
sgcn,2,1,48,0.33311425149440765,,,0.8352646827697754,1.7566242218017578,
sgcn,2,1,49,0.3322558365762234,,,0.831284761428833,1.7494165897369385,
sgcn,2,1,50,0.3192117512226105,0.6850231978524299,0.6085188861404399,0.8282859325408936,1.7498538494110107,2.38112211227417
sgcn,2,1,51,0.31885726004838943,,,0.8271095752716064,1.8058974742889404,
sgcn,2,1,52,0.3297208584845066,,,0.8218777179718018,1.7335004806518555,
sgcn,2,1,53,0.33146073296666145,,,0.8107059001922607,1.7181429862976074,
sgcn,2,1,54,0.3224010206758976,,,0.8179101943969727,1.7336933612823486,
sgcn,2,1,55,0.33366502448916435,0.6726217812577474,0.5984139294712216,0.8183169364929199,1.747485876083374,2.509857177734375
sgcn,2,1,56,0.3277524560689926,,,0.8163032531738281,1.7776219844818115,
sgcn,2,1,57,0.3306475505232811,,,0.806734561920166,1.71028733253479,
sgcn,2,1,58,0.3169719949364662,,,0.8197488784790039,1.7280325889587402,
sgcn,2,1,59,0.3298414573073387,,,0.8096473217010498,1.7185947895050049,
sgcn,2,1,60,0.32225510850548744,0.6732676166789583,0.6053964053099562,0.8206613063812256,1.756082534790039,2.3286800384521484
sgcn,2,1,61,0.3238643668591976,,,0.8481361865997314,1.8435306549072266,
sgcn,2,1,62,0.3141954652965069,,,0.8303697109222412,1.7477235794067383,
sgcn,2,1,63,0.32901541516184807,,,0.8261268138885498,1.7352337837219238,
sgcn,2,1,64,0.3202730491757393,,,0.8387954235076904,1.7691099643707275,
sgcn,2,1,65,0.3184726797044277,0.6850079917444732,0.5929531648511296,0.842414379119873,1.7703604698181152,2.3375492095947266
sgcn,2,1,66,0.320260688662529,,,0.8315718173980713,1.8217947483062744,
sgcn,2,1,67,0.32393963634967804,,,0.8156459331512451,1.733872413635254,
sgcn,2,1,68,0.31845301017165184,,,0.8299703598022461,1.7932047843933105,
sgcn,2,1,69,0.32183346524834633,,,0.82505202293396,1.7515249252319336,
sgcn,2,1,70,0.3206309713423252,0.6956238259700107,0.6037380433940882,0.8386704921722412,1.7787282466888428,2.3944060802459717
sgcn,2,1,71,0.3206767179071903,,,0.8278501033782959,1.8051154613494873,
sgcn,2,1,72,0.32449597120285034,,,0.8181836605072021,1.7271597385406494,
sgcn,2,1,73,0.31849902123212814,,,0.8538608551025391,1.8287105560302734,
sgcn,2,1,74,0.32408587262034416,,,0.8023016452789307,1.6917309761047363,
sgcn,2,1,75,0.3164604566991329,0.699115932911856,0.6223647110378642,0.8145344257354736,1.7294645309448242,2.3742663860321045
sgcn,2,1,76,0.3201051652431488,,,0.8409419059753418,1.8238706588745117,
sgcn,2,1,77,0.3138147220015526,,,0.8282203674316406,1.7465183734893799,
sgcn,2,1,78,0.31430358067154884,,,0.824901819229126,1.7424087524414062,
sgcn,2,1,79,0.31621188670396805,,,0.8393404483795166,1.775684118270874,
sgcn,2,1,80,0.3100333847105503,0.7076451947417735,0.6208891894454093,0.8247227668762207,1.7405879497528076,2.43159556388855
sgcn,2,1,81,0.313082542270422,,,0.8464605808258057,1.8562822341918945,
sgcn,2,1,82,0.3207991309463978,,,0.830730676651001,1.7673723697662354,
sgcn,2,1,83,0.3267465904355049,,,0.8348331451416016,1.7721691131591797,
sgcn,2,1,84,0.3152037300169468,,,0.8225290775299072,1.7569949626922607,
sgcn,2,1,85,0.3232739679515362,0.6951363541090835,0.5968700764685232,0.8196353912353516,1.7406938076019287,2.313260793685913
sgcn,2,1,86,0.3259285092353821,,,0.838494062423706,1.8070940971374512,
sgcn,2,1,87,0.317916352301836,,,0.8022794723510742,1.6991052627563477,
sgcn,2,1,88,0.32100942730903625,,,0.8292515277862549,1.7525157928466797,
sgcn,2,1,89,0.3146967366337776,,,0.8346047401428223,1.7608792781829834,
sgcn,2,1,90,0.31352202594280243,0.7134351429938232,0.6319403867302539,0.8390965461730957,1.7715718746185303,2.396951913833618
sgcn,2,1,91,0.3217375613749027,,,0.8426558971405029,1.8327136039733887,
sgcn,2,1,92,0.3286645747721195,,,0.8118023872375488,1.7119560241699219,
sgcn,2,1,93,0.32011279463768005,,,0.8210058212280273,1.7278330326080322,
sgcn,2,1,94,0.315036803483963,,,0.8253569602966309,1.7399230003356934,
sgcn,2,1,95,0.32342755421996117,0.7190100372516361,0.6280437684960286,0.8318891525268555,1.7484238147735596,2.430872917175293
sgcn,2,1,96,0.31943878158926964,,,0.8407731056213379,1.8415939807891846,
sgcn,2,1,97,0.32678938284516335,,,0.8283839225769043,1.743032693862915,
sgcn,2,1,98,0.3185749165713787,,,0.8106546401977539,1.7109060287475586,
sgcn,2,1,99,0.3131004385650158,,,0.8335418701171875,1.7548232078552246,
sgcn,2,1,100,0.3229912966489792,0.7272711385674481,0.6494452666259436,0.8282661437988281,1.7472171783447266,2.407115936279297
sgcn,2,1,101,0.3129441849887371,,,0.8193092346191406,1.7889766693115234,
sgcn,2,1,102,0.31843186914920807,,,0.8361814022064209,1.7600066661834717,
sgcn,2,1,103,0.31286271661520004,,,0.8308572769165039,1.7546381950378418,
sgcn,2,1,104,0.31824391335248947,,,0.816673994064331,1.7156727313995361,
sgcn,2,1,105,0.3264744132757187,0.7133714534217785,0.6239531949445304,0.8292200565338135,1.754401683807373,2.3755791187286377
sgcn,2,1,106,0.3210478089749813,,,0.8384344577789307,1.814375400543213,
sgcn,2,1,107,0.32017312571406364,,,0.8310089111328125,1.7560725212097168,
sgcn,2,1,108,0.3140309453010559,,,0.8088304996490479,1.707444190979004,
sgcn,2,1,109,0.3145049810409546,,,0.8159823417663574,1.7196192741394043,
sgcn,2,1,110,0.31023525819182396,0.7046722625127144,0.6070248396626255,0.8019812107086182,1.7015001773834229,2.432584524154663
sgcn,2,1,111,0.3139362893998623,,,0.8288064002990723,1.7963635921478271,
sgcn,2,1,112,0.3100646249949932,,,0.8278031349182129,1.7316241264343262,
sgcn,2,1,113,0.31478774547576904,,,0.8179900646209717,1.7217521667480469,
sgcn,2,1,114,0.3136979825794697,,,0.8316137790679932,1.766425609588623,
sgcn,2,1,115,0.3203222267329693,0.7156802100826037,0.6415328919489908,0.8244838714599609,1.7489910125732422,2.3616602420806885
sgcn,2,1,116,0.31089337170124054,,,0.8414297103881836,1.82548189163208,
sgcn,2,1,117,0.3163125738501549,,,0.8148372173309326,1.7198865413665771,
sgcn,2,1,118,0.32032275572419167,,,0.8231852054595947,1.7481944561004639,
sgcn,2,1,119,0.3234851136803627,,,0.8303558826446533,1.754246473312378,
sgcn,2,1,120,0.3164529874920845,0.707483624124553,0.6240696223266954,0.826340913772583,1.7465929985046387,2.3707454204559326
sgcn,2,1,121,0.318535216152668,,,0.8405325412750244,1.8372960090637207,
sgcn,2,1,122,0.3168778270483017,,,0.8239123821258545,1.7488055229187012,
sgcn,2,1,123,0.31636181846261024,,,0.8163628578186035,1.7399089336395264,
sgcn,2,1,124,0.3160340115427971,,,0.8205270767211914,1.7481653690338135,
sgcn,2,1,125,0.3219432160258293,0.7206433761446288,0.6379783003143562,0.8282973766326904,1.7650604248046875,2.447744369506836
sgcn,2,1,126,0.3163161240518093,,,0.8351705074310303,1.8087925910949707,
sgcn,2,1,127,0.3072099834680557,,,0.8190805912017822,1.7250280380249023,
sgcn,2,1,128,0.3210691250860691,,,0.8294186592102051,1.7763311862945557,
sgcn,2,1,129,0.31273888051509857,,,0.812751293182373,1.713909387588501,
sgcn,2,1,130,0.31665681302547455,0.7107495916645206,0.6315880131979662,0.8104829788208008,1.7435760498046875,2.42263126373291
sgcn,2,1,131,0.3196895830333233,,,0.8329083919525146,1.810403823852539,
sgcn,2,1,132,0.3205225393176079,,,0.8323080539703369,1.7432456016540527,
sgcn,2,1,133,0.3183620311319828,,,0.8224842548370361,1.7409305572509766,
sgcn,2,1,134,0.3161540813744068,,,0.8374409675598145,1.767866849899292,
sgcn,2,1,135,0.32138296216726303,0.7284663845416023,0.6486360807810299,0.8146474361419678,1.7196130752563477,2.392333507537842
sgcn,2,1,136,0.3123534955084324,,,0.8436129093170166,1.8361752033233643,
sgcn,2,1,137,0.31351543962955475,,,0.8271012306213379,1.7413160800933838,
sgcn,2,1,138,0.31742582097649574,,,0.8342957496643066,1.752166986465454,
sgcn,2,1,139,0.31550921127200127,,,0.8290987014770508,1.7496554851531982,
sgcn,2,1,140,0.3143180198967457,0.7190290935945712,0.634381861857538,0.8291707038879395,1.7492318153381348,2.3652842044830322
sgcn,2,1,141,0.3085605949163437,,,0.8416986465454102,1.8180391788482666,
sgcn,2,1,142,0.3084292896091938,,,0.8303356170654297,1.7500755786895752,
sgcn,2,1,143,0.3106825239956379,,,0.8372364044189453,1.7572429180145264,
sgcn,2,1,144,0.31531626358628273,,,0.818077802658081,1.7244887351989746,
sgcn,2,1,145,0.3029784671962261,0.7212317365011361,0.6331273250988941,0.8022754192352295,1.6933343410491943,2.3830957412719727
sgcn,2,1,146,0.30875642597675323,,,0.8206589221954346,1.788482904434204,
sgcn,2,1,147,0.3150227665901184,,,0.8224375247955322,1.731175422668457,
sgcn,2,1,148,0.31113120168447495,,,0.830420732498169,1.741943597793579,
sgcn,2,1,149,0.3061099350452423,,,0.8016712665557861,1.694176197052002,
sgcn,2,1,150,0.31533707678318024,0.7219682653525291,0.6399246374285995,0.8097434043884277,1.716691017150879,2.4326584339141846
sgcn,2,1,151,0.306584719568491,,,0.8444125652313232,1.84073805809021,
sgcn,2,1,152,0.31871355697512627,,,0.8311426639556885,1.7518415451049805,
sgcn,2,1,153,0.3142502196133137,,,0.8220362663269043,1.7302324771881104,
sgcn,2,1,154,0.32145126536488533,,,0.8300797939300537,1.7455315589904785,
sgcn,2,1,155,0.31066804751753807,0.7150976874941952,0.6278540776340285,0.811859130859375,1.7197277545928955,2.3081276416778564
sgcn,2,1,156,0.3161376751959324,,,0.8514308929443359,1.8508837223052979,
sgcn,2,1,157,0.30965590104460716,,,0.8330285549163818,1.7548861503601074,
sgcn,2,1,158,0.31629814580082893,,,0.8286688327789307,1.7436339855194092,
sgcn,2,1,159,0.30513995885849,,,0.828033447265625,1.7589564323425293,
sgcn,2,1,160,0.3247923366725445,0.7069820043707739,0.625533477571763,0.8240468502044678,1.734544277191162,2.313471555709839
sgcn,2,1,161,0.31136107072234154,,,0.8385205268859863,1.807784080505371,
sgcn,2,1,162,0.3150373734533787,,,0.8071870803833008,1.7066855430603027,
sgcn,2,1,163,0.31026872247457504,,,0.8219053745269775,1.801659345626831,
sgcn,2,1,164,0.31732049584388733,,,0.8329596519470215,1.7596700191497803,
sgcn,2,1,165,0.3159535191953182,0.7237915335604671,0.6409969966463798,0.8139946460723877,1.7191412448883057,2.3921804428100586
sgcn,2,1,166,0.31289956718683243,,,0.811948299407959,1.7808747291564941,
sgcn,2,1,167,0.319513164460659,,,0.8092775344848633,1.7048017978668213,
sgcn,2,1,168,0.31458820402622223,,,0.8103437423706055,1.706955909729004,
sgcn,2,1,169,0.3129667602479458,,,0.8210220336914062,1.731184720993042,
sgcn,2,1,170,0.30575186386704445,0.718380308376769,0.6356258917370127,0.8162679672241211,1.7238433361053467,2.36344575881958
sgcn,2,1,171,0.3219982385635376,,,0.821866512298584,1.778378963470459,
sgcn,2,1,172,0.321054819971323,,,0.8114902973175049,1.7171862125396729,
sgcn,2,1,173,0.30791765078902245,,,0.8251276016235352,1.7401094436645508,
sgcn,2,1,174,0.31683794781565666,,,0.8106930255889893,1.7075998783111572,
sgcn,2,1,175,0.31389090046286583,0.7271845917987582,0.6460406523319796,0.8202054500579834,1.7301537990570068,2.395047903060913
sgcn,2,1,176,0.3111364580690861,,,0.8350503444671631,1.8211138248443604,
sgcn,2,1,177,0.31292153894901276,,,0.8224174976348877,1.7376272678375244,
sgcn,2,1,178,0.31457114592194557,,,0.8354802131652832,1.7794058322906494,
sgcn,2,1,179,0.31159505248069763,,,0.8263108730316162,1.7468202114105225,
sgcn,2,1,180,0.31559181958436966,0.7390328324332555,0.6665358287787043,0.8277249336242676,1.739436388015747,2.3827548027038574
sgcn,2,1,181,0.3255519010126591,,,0.8189785480499268,1.8082561492919922,
sgcn,2,1,182,0.31558186933398247,,,0.8319859504699707,1.7501935958862305,
sgcn,2,1,183,0.308195773512125,,,0.8317177295684814,1.7526769638061523,
sgcn,2,1,184,0.32281649112701416,,,0.89805006980896,1.8643181324005127,
sgcn,2,1,185,0.31186753511428833,0.7327853625369395,0.6599646188406677,0.8331470489501953,1.7715349197387695,2.4747631549835205
sgcn,2,1,186,0.31711389496922493,,,0.8386294841766357,1.8212347030639648,
sgcn,2,1,187,0.31633223593235016,,,0.8011889457702637,1.7000527381896973,
sgcn,2,1,188,0.3143443390727043,,,0.8110513687133789,1.7206487655639648,
sgcn,2,1,189,0.32053717225790024,,,0.8244433403015137,1.7382028102874756,
sgcn,2,1,190,0.3187253624200821,0.7207448434664047,0.639262701990586,0.8196959495544434,1.7321245670318604,2.3805932998657227
sgcn,2,1,191,0.3120502009987831,,,0.8535525798797607,1.8462038040161133,
sgcn,2,1,192,0.3052085004746914,,,0.8388051986694336,1.7713048458099365,
sgcn,2,1,193,0.3063206970691681,,,0.8375604152679443,1.7710914611816406,
sgcn,2,1,194,0.3113873451948166,,,0.8206343650817871,1.7399146556854248,
sgcn,2,1,195,0.315218985080719,0.7290914689368534,0.6649145340140103,0.8274095058441162,1.7422146797180176,2.446204900741577
sgcn,2,1,196,0.3174189291894436,,,0.8243141174316406,1.82344388961792,
sgcn,2,1,197,0.32057199999690056,,,0.8067352771759033,1.7219042778015137,
sgcn,2,1,198,0.301383800804615,,,0.8173208236694336,1.7463738918304443,
sgcn,2,1,199,0.31217043101787567,,,0.8156821727752686,1.7317743301391602,
sgcn,2,1,200,0.31659360975027084,0.7373329348650642,0.6495646096268121,0.823798656463623,1.7531077861785889,2.3422114849090576
sgcn,3,2,1,0.7116729691624641,,,0.8351924419403076,1.8301944732666016,
sgcn,3,2,2,0.635191947221756,,,0.8140544891357422,1.7452504634857178,
sgcn,3,2,3,0.5581898018717766,,,0.8213796615600586,1.7526283264160156,
sgcn,3,2,4,0.49402356147766113,,,0.8275675773620605,1.7623655796051025,
sgcn,3,2,5,0.43578704446554184,0.39274227451747495,0.41854301462697097,0.8201329708099365,1.743999719619751,2.4104559421539307
sgcn,3,2,6,0.3926354609429836,,,0.852548360824585,1.8522851467132568,
sgcn,3,2,7,0.37101877853274345,,,0.8269083499908447,1.7627065181732178,
sgcn,3,2,8,0.35659702494740486,,,0.830894947052002,1.7695014476776123,
sgcn,3,2,9,0.3475256934762001,,,0.8263149261474609,1.7507777214050293,
sgcn,3,2,10,0.3500439375638962,0.5362063491996711,0.5101923042023659,0.8308439254760742,1.7662298679351807,2.4379167556762695
sgcn,3,2,11,0.33723200112581253,,,0.849348783493042,1.8457486629486084,
sgcn,3,2,12,0.3343341052532196,,,0.8282077312469482,1.7475566864013672,
sgcn,3,2,13,0.34086793288588524,,,0.8242173194885254,1.73671555519104,
sgcn,3,2,14,0.34245749935507774,,,0.8344638347625732,1.7659344673156738,
sgcn,3,2,15,0.3419313244521618,0.5405210017997204,0.5169784086271697,0.8362448215484619,1.778944969177246,2.397432327270508
sgcn,3,2,16,0.34648166224360466,,,0.8294286727905273,1.7914655208587646,
sgcn,3,2,17,0.33671242743730545,,,0.8195574283599854,1.7434501647949219,
sgcn,3,2,18,0.33298885077238083,,,0.8649139404296875,1.7953600883483887,
sgcn,3,2,19,0.33604729548096657,,,0.8383686542510986,1.7629146575927734,
sgcn,3,2,20,0.34289082884788513,0.5981143748759934,0.5407680698501932,0.8149826526641846,1.718139410018921,2.4777915477752686
sgcn,3,2,21,0.3390798196196556,,,0.8369605541229248,1.8167176246643066,
sgcn,3,2,22,0.3373849168419838,,,0.8276777267456055,1.7373223304748535,
sgcn,3,2,23,0.33751189336180687,,,0.8251981735229492,1.7402558326721191,
sgcn,3,2,24,0.3260349705815315,,,0.8207190036773682,1.727278232574463,
sgcn,3,2,25,0.34443746879696846,0.6051251267087884,0.5465347674054171,0.820366382598877,1.7241084575653076,2.400444984436035
sgcn,3,2,26,0.33430052176117897,,,0.8409035205841064,1.8171813488006592,
sgcn,3,2,27,0.3315327502787113,,,0.8341724872589111,1.769345760345459,
sgcn,3,2,28,0.338764775544405,,,0.8165009021759033,1.7239055633544922,
sgcn,3,2,29,0.3218400962650776,,,0.8321733474731445,1.7543988227844238,
sgcn,3,2,30,0.3400736525654793,0.6172093121362422,0.5500355902299023,0.8298404216766357,1.7489299774169922,2.394545555114746
sgcn,3,2,31,0.32964087277650833,,,0.8344714641571045,1.823922872543335,
sgcn,3,2,32,0.32952364906668663,,,0.819584846496582,1.747288465499878,
sgcn,3,2,33,0.33606867864727974,,,0.8217191696166992,1.7446842193603516,
sgcn,3,2,34,0.3358260467648506,,,0.8113551139831543,1.730062484741211,
sgcn,3,2,35,0.32590801268815994,0.6400134365523679,0.5603101985644944,0.8121898174285889,1.7324128150939941,2.394779682159424
sgcn,3,2,36,0.3265114836394787,,,0.8204305171966553,1.7921361923217773,
sgcn,3,2,37,0.32477765902876854,,,0.8234295845031738,1.7434892654418945,
sgcn,3,2,38,0.3322318382561207,,,0.8344936370849609,1.8692097663879395,
sgcn,3,2,39,0.32683639228343964,,,0.8239357471466064,1.7505879402160645,
sgcn,3,2,40,0.32679444178938866,0.6515058997254551,0.5709701641471504,0.8311381340026855,1.7605347633361816,2.3792569637298584
sgcn,3,2,41,0.32580096647143364,,,0.8361008167266846,1.820497751235962,
sgcn,3,2,42,0.3303000032901764,,,0.7962403297424316,1.694481611251831,
sgcn,3,2,43,0.3172021359205246,,,0.8021047115325928,1.6998844146728516,
sgcn,3,2,44,0.33013154938817024,,,0.8157289028167725,1.7146942615509033,
sgcn,3,2,45,0.32458658888936043,0.6839153299280216,0.5986445952949486,0.8231277465820312,1.7230653762817383,2.378028392791748
sgcn,3,2,46,0.3277629502117634,,,0.8465864658355713,1.847858190536499,
sgcn,3,2,47,0.3243682458996773,,,0.8325595855712891,1.7716059684753418,
sgcn,3,2,48,0.3228538818657398,,,0.8300719261169434,1.7647509574890137,
sgcn,3,2,49,0.32036498561501503,,,0.8297266960144043,1.7623834609985352,
sgcn,3,2,50,0.3240537829697132,0.6880152103915239,0.6054193445045736,0.830716609954834,1.7681341171264648,2.3702304363250732
sgcn,3,2,51,0.31915825605392456,,,0.8281481266021729,1.8045485019683838,
sgcn,3,2,52,0.3223547600209713,,,0.8361489772796631,1.757509708404541,
sgcn,3,2,53,0.32841038331389427,,,0.8334000110626221,1.751922607421875,
sgcn,3,2,54,0.33285345137119293,,,0.8258521556854248,1.73032808303833,
sgcn,3,2,55,0.31758908182382584,0.6918715484714107,0.6036961143609368,0.8074841499328613,1.7133591175079346,2.38390851020813
sgcn,3,2,56,0.3202280327677727,,,0.8431365489959717,1.8407645225524902,
sgcn,3,2,57,0.321310680359602,,,0.8202426433563232,1.7468924522399902,
sgcn,3,2,58,0.3169598914682865,,,0.8259217739105225,1.7550477981567383,
sgcn,3,2,59,0.31987324729561806,,,0.8284294605255127,1.7559635639190674,
sgcn,3,2,60,0.3232680670917034,0.6974833564821667,0.6127058740778832,0.8296020030975342,1.761538028717041,2.351163148880005
sgcn,3,2,61,0.3181012533605099,,,0.8207430839538574,1.781071662902832,
sgcn,3,2,62,0.3244732543826103,,,0.8102104663848877,1.7034225463867188,
sgcn,3,2,63,0.31700076535344124,,,0.8230953216552734,1.7326726913452148,
sgcn,3,2,64,0.32395509257912636,,,0.8129115104675293,1.7207636833190918,
sgcn,3,2,65,0.3208073191344738,0.7071313695686928,0.6252076962863846,0.8246800899505615,1.7410368919372559,2.398800849914551
sgcn,3,2,66,0.31479930877685547,,,0.8305983543395996,1.819352388381958,
sgcn,3,2,67,0.31846248358488083,,,0.8246755599975586,1.7483680248260498,
sgcn,3,2,68,0.3192950338125229,,,0.8207070827484131,1.7417850494384766,
sgcn,3,2,69,0.3156330995261669,,,0.8133552074432373,1.734757661819458,
sgcn,3,2,70,0.31893086433410645,0.6956343544409264,0.6174358999287844,0.8260269165039062,1.7624497413635254,2.418590545654297
sgcn,3,2,71,0.31022004410624504,,,0.8374073505401611,1.8182485103607178,
sgcn,3,2,72,0.3265339732170105,,,0.8165571689605713,1.7170114517211914,
sgcn,3,2,73,0.31400392577052116,,,0.8056914806365967,1.7071130275726318,
sgcn,3,2,74,0.31863924488425255,,,0.8394193649291992,1.755126714706421,
sgcn,3,2,75,0.31961165368556976,0.6936369617249215,0.5982820479590581,0.8082549571990967,1.706094741821289,2.4229369163513184
sgcn,3,2,76,0.31774087250232697,,,0.833853006362915,1.798327922821045,
sgcn,3,2,77,0.3184899613261223,,,0.8315255641937256,1.7548792362213135,
sgcn,3,2,78,0.3258112780749798,,,0.8332746028900146,1.7554898262023926,
sgcn,3,2,79,0.324117723852396,,,0.8335025310516357,1.7561612129211426,
sgcn,3,2,80,0.3214903920888901,0.7030722690641504,0.6118270596278738,0.8383564949035645,1.763286828994751,2.3681321144104004
sgcn,3,2,81,0.3169044777750969,,,0.8276393413543701,1.808525562286377,
sgcn,3,2,82,0.32429370284080505,,,0.8220431804656982,1.731435775756836,
sgcn,3,2,83,0.31880245730280876,,,0.8075668811798096,1.703169584274292,
sgcn,3,2,84,0.31292857602238655,,,0.8267421722412109,1.738910436630249,
sgcn,3,2,85,0.3207811415195465,0.7126533666606555,0.6198178871933695,0.822899580001831,1.730860948562622,2.308889865875244
sgcn,3,2,86,0.3244335353374481,,,0.8388149738311768,1.8204329013824463,
sgcn,3,2,87,0.3139144368469715,,,0.8199667930603027,1.7450439929962158,
sgcn,3,2,88,0.3244340494275093,,,0.8280179500579834,1.770052194595337,
sgcn,3,2,89,0.32181356474757195,,,0.8304383754730225,1.7648248672485352,
sgcn,3,2,90,0.31312868371605873,0.7069292667639244,0.6199931009192746,0.8144083023071289,1.72365140914917,2.4217336177825928
sgcn,3,2,91,0.31598058715462685,,,0.8427867889404297,1.8178808689117432,
sgcn,3,2,92,0.32467490807175636,,,0.8181500434875488,1.7184462547302246,
sgcn,3,2,93,0.31950151920318604,,,0.8878748416900635,1.8668186664581299,
sgcn,3,2,94,0.31925683096051216,,,0.8083887100219727,1.7134346961975098,
sgcn,3,2,95,0.32034025713801384,0.7088792959667607,0.6300875705610541,0.8263921737670898,1.737287998199463,2.3954641819000244
sgcn,3,2,96,0.3232061639428139,,,0.8339791297912598,1.8209788799285889,
sgcn,3,2,97,0.321786243468523,,,0.8111894130706787,1.7051217555999756,
sgcn,3,2,98,0.3186126984655857,,,0.8252806663513184,1.7437007427215576,
sgcn,3,2,99,0.31641246005892754,,,0.8280298709869385,1.758321762084961,
sgcn,3,2,100,0.3186507150530815,0.7124394313375776,0.6402243810464668,0.8233115673065186,1.7289013862609863,2.3805105686187744
sgcn,3,2,101,0.31786099448800087,,,0.8257043361663818,1.791532039642334,
sgcn,3,2,102,0.31639622896909714,,,0.8148794174194336,1.7156612873077393,
sgcn,3,2,103,0.3225383944809437,,,0.8221135139465332,1.7311756610870361,
sgcn,3,2,104,0.32123707607388496,,,0.862663984298706,1.8042731285095215,
sgcn,3,2,105,0.3135557696223259,0.7185870877887733,0.6334764286098403,0.8089442253112793,1.7078428268432617,2.400073289871216
sgcn,3,2,106,0.3187749497592449,,,0.8397495746612549,1.8433737754821777,
sgcn,3,2,107,0.3136988505721092,,,0.827702522277832,1.7653212547302246,
sgcn,3,2,108,0.3270629793405533,,,0.8105766773223877,1.7281792163848877,
sgcn,3,2,109,0.31825314462184906,,,0.8178901672363281,1.7410533428192139,
sgcn,3,2,110,0.3191814310848713,0.7205705602129938,0.6259996865349345,0.8293817043304443,1.763237714767456,2.339538335800171
sgcn,3,2,111,0.31631240993738174,,,0.838740348815918,1.8202729225158691,
sgcn,3,2,112,0.3136114254593849,,,0.8243036270141602,1.7593584060668945,
sgcn,3,2,113,0.31296101212501526,,,0.8279297351837158,1.7453677654266357,
sgcn,3,2,114,0.30671121925115585,,,0.8306021690368652,1.7471625804901123,
sgcn,3,2,115,0.31269560009241104,0.7191188032824771,0.6273155060192465,0.8317911624908447,1.7508106231689453,2.403225898742676
sgcn,3,2,116,0.3149360716342926,,,0.8444850444793701,1.834106206893921,
sgcn,3,2,117,0.30816224962472916,,,0.8329660892486572,1.7625102996826172,
sgcn,3,2,118,0.31552479043602943,,,0.8113832473754883,1.7250213623046875,
sgcn,3,2,119,0.31380337476730347,,,0.8215243816375732,1.7479958534240723,
sgcn,3,2,120,0.31831689178943634,0.7249051768390659,0.6430509389624735,0.8164381980895996,1.7377498149871826,2.3427796363830566
sgcn,3,2,121,0.3159247078001499,,,0.8230597972869873,1.7826080322265625,
sgcn,3,2,122,0.31922701746225357,,,0.821028470993042,1.7315056324005127,
sgcn,3,2,123,0.3174127787351608,,,0.8295497894287109,1.7477612495422363,
sgcn,3,2,124,0.30658355727791786,,,0.8334848880767822,1.7495715618133545,
sgcn,3,2,125,0.30958423763513565,0.7199928202714304,0.6318117146223354,0.8277947902679443,1.753352403640747,2.422715425491333
sgcn,3,2,126,0.3089640475809574,,,0.8380157947540283,1.8496613502502441,
sgcn,3,2,127,0.3203313872218132,,,0.8285164833068848,1.7583904266357422,
sgcn,3,2,128,0.32409969717264175,,,0.8326683044433594,1.776886224746704,
sgcn,3,2,129,0.3171977549791336,,,0.8353567123413086,1.7643780708312988,
sgcn,3,2,130,0.31690220162272453,0.7101145128239652,0.625219021275063,0.823683500289917,1.7592978477478027,2.39868426322937
sgcn,3,2,131,0.31098295003175735,,,0.8443150520324707,1.8249201774597168,
sgcn,3,2,132,0.30918412283062935,,,0.832744836807251,1.7534215450286865,
sgcn,3,2,133,0.3141377530992031,,,0.834367036819458,1.754218578338623,
sgcn,3,2,134,0.3169344738125801,,,0.8349463939666748,1.7607612609863281,
sgcn,3,2,135,0.31705475598573685,0.7198030031172402,0.6616660202982473,0.8317151069641113,1.7516226768493652,2.328735113143921
sgcn,3,2,136,0.31646354496479034,,,0.8375787734985352,1.8169288635253906,
sgcn,3,2,137,0.3180241286754608,,,0.8047218322753906,1.7005314826965332,
sgcn,3,2,138,0.3153729923069477,,,0.8130292892456055,1.7321782112121582,
sgcn,3,2,139,0.3113687075674534,,,0.8268868923187256,1.7550954818725586,
sgcn,3,2,140,0.3197866939008236,0.7229221524346182,0.655104788728935,0.823981761932373,1.7475337982177734,2.3788249492645264
sgcn,3,2,141,0.31933797523379326,,,0.8345811367034912,1.8312959671020508,
sgcn,3,2,142,0.31084275990724564,,,0.7967922687530518,1.6912391185760498,
sgcn,3,2,143,0.31816359981894493,,,0.8313167095184326,1.756953239440918,
sgcn,3,2,144,0.3179536610841751,,,0.8236031532287598,1.7400352954864502,
sgcn,3,2,145,0.31090934574604034,0.7226059996874133,0.6494377196765699,0.8058874607086182,1.7056019306182861,2.3720703125
sgcn,3,2,146,0.3162633888423443,,,0.8397002220153809,1.820713758468628,
sgcn,3,2,147,0.3225732296705246,,,0.8270416259765625,1.7434427738189697,
sgcn,3,2,148,0.3115703873336315,,,0.8281550407409668,1.7785892486572266,
sgcn,3,2,149,0.3212936073541641,,,0.8026530742645264,1.6913158893585205,
sgcn,3,2,150,0.318700697273016,0.7253408117470613,0.6462694388261899,0.8206017017364502,1.7272489070892334,2.3436543941497803
sgcn,3,2,151,0.3076601102948189,,,0.8412635326385498,1.835646629333496,
sgcn,3,2,152,0.32433827593922615,,,0.8479981422424316,1.7787647247314453,
sgcn,3,2,153,0.30876294150948524,,,0.8266551494598389,1.7398793697357178,
sgcn,3,2,154,0.31473134830594063,,,0.8268027305603027,1.7448537349700928,
sgcn,3,2,155,0.3173760548233986,0.7174543211272207,0.6300946099964714,0.8364944458007812,1.763895034790039,2.3137450218200684
sgcn,3,2,156,0.31211015582084656,,,0.8476574420928955,1.8329381942749023,
sgcn,3,2,157,0.3139364756643772,,,0.8201758861541748,1.7197902202606201,
sgcn,3,2,158,0.3145352825522423,,,0.8227190971374512,1.7333643436431885,
sgcn,3,2,159,0.3179394081234932,,,0.8304488658905029,1.7412614822387695,
sgcn,3,2,160,0.31566542014479637,0.7146901803568273,0.6486899832304254,0.8230433464050293,1.7311151027679443,2.411773204803467
sgcn,3,2,161,0.31662592664361,,,0.8754994869232178,1.8577656745910645,
sgcn,3,2,162,0.3154173530638218,,,0.8116092681884766,1.710665225982666,
sgcn,3,2,163,0.3074055388569832,,,0.8224430084228516,1.728637933731079,
sgcn,3,2,164,0.3148500509560108,,,0.8086559772491455,1.7000513076782227,
sgcn,3,2,165,0.3251086063683033,0.7249239338631498,0.6490195698532842,0.8161301612854004,1.7213773727416992,2.308314323425293
sgcn,3,2,166,0.30931487679481506,,,0.8481593132019043,1.824538230895996,
sgcn,3,2,167,0.3132542259991169,,,0.8164668083190918,1.7158808708190918,
sgcn,3,2,168,0.32483405992388725,,,0.8074550628662109,1.7100660800933838,
sgcn,3,2,169,0.31395142525434494,,,0.8243069648742676,1.73622727394104,
sgcn,3,2,170,0.3109368197619915,0.7339612041295916,0.6653266795650756,0.8214638233184814,1.7318191528320312,2.3660876750946045
sgcn,3,2,171,0.31645577400922775,,,0.8471775054931641,1.844327688217163,
sgcn,3,2,172,0.31648941338062286,,,0.8309271335601807,1.7547595500946045,
sgcn,3,2,173,0.31268611550331116,,,0.8314626216888428,1.7534759044647217,
sgcn,3,2,174,0.3150896169245243,,,0.8414084911346436,1.7431361675262451,
sgcn,3,2,175,0.31877706199884415,0.7237132463120926,0.6530413159214177,0.8206524848937988,1.7267498970031738,2.4194746017456055
sgcn,3,2,176,0.3184312880039215,,,0.8309891223907471,1.820967197418213,
sgcn,3,2,177,0.31435372307896614,,,0.8149645328521729,1.7430241107940674,
sgcn,3,2,178,0.3229631520807743,,,0.8127682209014893,1.7339797019958496,
sgcn,3,2,179,0.3122140131890774,,,0.8182878494262695,1.7602148056030273,
sgcn,3,2,180,0.31751998141407967,0.7259685120330703,0.6698839832854135,0.8274848461151123,1.7477376461029053,2.462313413619995
sgcn,3,2,181,0.3160535730421543,,,0.8266499042510986,1.7857754230499268,
sgcn,3,2,182,0.3074823282659054,,,0.812619686126709,1.7134699821472168,
sgcn,3,2,183,0.311111893504858,,,0.8100974559783936,1.7090227603912354,
sgcn,3,2,184,0.32602739334106445,,,0.8208799362182617,1.7307870388031006,
sgcn,3,2,185,0.31720324978232384,0.7357941767833566,0.6557319109492511,0.8125119209289551,1.7130711078643799,2.4630022048950195
sgcn,3,2,186,0.3182819187641144,,,0.8177757263183594,1.7940714359283447,
sgcn,3,2,187,0.31080738082528114,,,0.8155722618103027,1.7311921119689941,
sgcn,3,2,188,0.31512385979294777,,,0.8223710060119629,1.7384932041168213,
sgcn,3,2,189,0.30744409933686256,,,0.8287279605865479,1.7491755485534668,
sgcn,3,2,190,0.3152477741241455,0.731569552017255,0.659805596471838,0.8337569236755371,1.7635300159454346,2.4301071166992188
sgcn,3,2,191,0.3113485872745514,,,0.8412353992462158,1.828536033630371,
sgcn,3,2,192,0.31568697467446327,,,0.8285965919494629,1.7417054176330566,
sgcn,3,2,193,0.3238075152039528,,,0.8103640079498291,1.7090139389038086,
sgcn,3,2,194,0.31457842886447906,,,0.8120472431182861,1.7044246196746826,
sgcn,3,2,195,0.31702589988708496,0.7092986643521507,0.6333051786761651,0.7990381717681885,1.6875519752502441,2.350325345993042
sgcn,3,2,196,0.3168701343238354,,,0.8305435180664062,1.8151750564575195,
sgcn,3,2,197,0.30917923897504807,,,0.8274919986724854,1.7334630489349365,
sgcn,3,2,198,0.3186411112546921,,,0.8200056552886963,1.7164294719696045,
sgcn,3,2,199,0.31508030742406845,,,0.8088290691375732,1.7091963291168213,
sgcn,3,2,200,0.31570443511009216,0.7350963590517235,0.6611251649947729,0.8145284652709961,1.7219359874725342,2.3287525177001953
